"","Division","Line","Station.Name"
"1","BMT","4 Avenue","25th St"
"2","BMT","4 Avenue","25th St"
"3","BMT","4 Avenue","36th St"
"4","BMT","4 Avenue","36th St"
"5","BMT","4 Avenue","36th St"
"6","BMT","4 Avenue","45th St"
"7","BMT","4 Avenue","45th St"
"8","BMT","4 Avenue","45th St"
"9","BMT","4 Avenue","45th St"
"10","BMT","4 Avenue","53rd St"
"11","BMT","4 Avenue","53rd St"
"12","BMT","4 Avenue","53rd St"
"13","BMT","4 Avenue","53rd St"
"14","BMT","4 Avenue","53rd St"
"15","BMT","4 Avenue","59th St"
"16","BMT","4 Avenue","59th St"
"17","BMT","4 Avenue","59th St"
"18","BMT","4 Avenue","59th St"
"19","BMT","4 Avenue","59th St"
"20","BMT","4 Avenue","59th St"
"21","BMT","4 Avenue","77th St"
"22","BMT","4 Avenue","77th St"
"23","BMT","4 Avenue","77th St"
"24","BMT","4 Avenue","86th St"
"25","BMT","4 Avenue","86th St"
"26","BMT","4 Avenue","86th St"
"27","BMT","4 Avenue","95th St"
"28","BMT","4 Avenue","95th St"
"29","BMT","4 Avenue","95th St"
"30","BMT","4 Avenue","95th St"
"31","BMT","4 Avenue","95th St"
"32","BMT","4 Avenue","9th St"
"33","BMT","4 Avenue","9th St"
"34","BMT","4 Avenue","Atlantic Av-Barclays Ctr"
"35","BMT","4 Avenue","Bay Ridge Av"
"36","BMT","4 Avenue","Bay Ridge Av"
"37","BMT","4 Avenue","Bay Ridge Av"
"38","BMT","4 Avenue","DeKalb Av"
"39","BMT","4 Avenue","DeKalb Av"
"40","BMT","4 Avenue","DeKalb Av"
"41","BMT","4 Avenue","DeKalb Av"
"42","BMT","4 Avenue","DeKalb Av"
"43","BMT","4 Avenue","DeKalb Av"
"44","BMT","4 Avenue","Pacific St"
"45","BMT","4 Avenue","Pacific St"
"46","BMT","4 Avenue","Prospect Av"
"47","BMT","4 Avenue","Prospect Av"
"48","BMT","4 Avenue","Prospect Av"
"49","BMT","4 Avenue","Union St"
"50","BMT","4 Avenue","Union St"
"51","BMT","4 Avenue","Union St"
"52","BMT","4 Avenue","Union St"
"53","IRT","42nd St Shuttle","Grand Central"
"54","IRT","42nd St Shuttle","Grand Central"
"55","IRT","42nd St Shuttle","Grand Central"
"56","IRT","42nd St Shuttle","Grand Central"
"57","IRT","42nd St Shuttle","Grand Central"
"58","IRT","42nd St Shuttle","Grand Central"
"59","IRT","42nd St Shuttle","Grand Central"
"60","IRT","42nd St Shuttle","Times Square"
"61","IND","6 Avenue","14th St"
"62","IND","6 Avenue","14th St"
"63","IND","6 Avenue","14th St"
"64","IND","6 Avenue","14th St"
"65","IND","6 Avenue","14th St"
"66","IND","6 Avenue","14th St"
"67","IND","6 Avenue","14th St"
"68","IND","6 Avenue","14th St"
"69","IND","6 Avenue","14th St"
"70","IND","6 Avenue","14th St"
"71","IND","6 Avenue","23rd St"
"72","IND","6 Avenue","23rd St"
"73","IND","6 Avenue","23rd St"
"74","IND","6 Avenue","23rd St"
"75","IND","6 Avenue","23rd St"
"76","IND","6 Avenue","23rd St"
"77","IND","6 Avenue","23rd St"
"78","IND","6 Avenue","23rd St"
"79","IND","6 Avenue","2nd Av"
"80","IND","6 Avenue","2nd Av"
"81","IND","6 Avenue","2nd Av"
"82","IND","6 Avenue","2nd Av"
"83","IND","6 Avenue","34th St"
"84","IND","6 Avenue","34th St"
"85","IND","6 Avenue","34th St"
"86","IND","6 Avenue","34th St"
"87","IND","6 Avenue","34th St"
"88","IND","6 Avenue","34th St"
"89","IND","6 Avenue","34th St"
"90","IND","6 Avenue","34th St"
"91","IND","6 Avenue","34th St"
"92","IND","6 Avenue","34th St"
"93","IND","6 Avenue","42nd St"
"94","IND","6 Avenue","42nd St"
"95","IND","6 Avenue","42nd St"
"96","IND","6 Avenue","42nd St"
"97","IND","6 Avenue","42nd St"
"98","IND","6 Avenue","42nd St"
"99","IND","6 Avenue","42nd St"
"100","IND","6 Avenue","42nd St"
"101","IND","6 Avenue","42nd St"
"102","IND","6 Avenue","47-50th Sts Rockefeller Center"
"103","IND","6 Avenue","47-50th Sts Rockefeller Center"
"104","IND","6 Avenue","47-50th Sts Rockefeller Center"
"105","IND","6 Avenue","47-50th Sts Rockefeller Center"
"106","IND","6 Avenue","47-50th Sts Rockefeller Center"
"107","IND","6 Avenue","47-50th Sts Rockefeller Center"
"108","IND","6 Avenue","47-50th Sts Rockefeller Center"
"109","IND","6 Avenue","47-50th Sts Rockefeller Center"
"110","IND","6 Avenue","47-50th Sts Rockefeller Center"
"111","IND","6 Avenue","47-50th Sts Rockefeller Center"
"112","IND","6 Avenue","47-50th Sts Rockefeller Center"
"113","IND","6 Avenue","47-50th Sts Rockefeller Center"
"114","IND","6 Avenue","47-50th Sts Rockefeller Center"
"115","IND","6 Avenue","47-50th Sts Rockefeller Center"
"116","IND","6 Avenue","47-50th Sts Rockefeller Center"
"117","IND","6 Avenue","47-50th Sts Rockefeller Center"
"118","IND","6 Avenue","47-50th Sts Rockefeller Center"
"119","IND","6 Avenue","4th Av"
"120","IND","6 Avenue","4th Av"
"121","IND","6 Avenue","57th St"
"122","IND","6 Avenue","57th St"
"123","IND","6 Avenue","57th St"
"124","IND","6 Avenue","57th St"
"125","IND","6 Avenue","57th St"
"126","IND","6 Avenue","57th St"
"127","IND","6 Avenue","57th St"
"128","IND","6 Avenue","57th St"
"129","IND","6 Avenue","7th Av"
"130","IND","6 Avenue","7th Av"
"131","IND","6 Avenue","7th Av"
"132","IND","6 Avenue","7th Av"
"133","IND","6 Avenue","7th Av"
"134","IND","6 Avenue","7th Av"
"135","IND","6 Avenue","7th Av"
"136","IND","6 Avenue","7th Av"
"137","IND","6 Avenue","Bergen St"
"138","IND","6 Avenue","Bergen St"
"139","IND","6 Avenue","Bergen St"
"140","IND","6 Avenue","Bergen St"
"141","IND","6 Avenue","Bergen St"
"142","IND","6 Avenue","Bergen St"
"143","IND","6 Avenue","Broadway-Lafayette St"
"144","IND","6 Avenue","Broadway-Lafayette St"
"145","IND","6 Avenue","Broadway-Lafayette St"
"146","IND","6 Avenue","Broadway-Lafayette St"
"147","IND","6 Avenue","Broadway-Lafayette St"
"148","IND","6 Avenue","Carroll St"
"149","IND","6 Avenue","Carroll St"
"150","IND","6 Avenue","Carroll St"
"151","IND","6 Avenue","Carroll St"
"152","IND","6 Avenue","Carroll St"
"153","IND","6 Avenue","Church Av"
"154","IND","6 Avenue","Church Av"
"155","IND","6 Avenue","Church Av"
"156","IND","6 Avenue","Church Av"
"157","IND","6 Avenue","Church Av"
"158","IND","6 Avenue","Church Av"
"159","IND","6 Avenue","Delancey St"
"160","IND","6 Avenue","Delancey St"
"161","IND","6 Avenue","Delancey St"
"162","IND","6 Avenue","Delancey St"
"163","IND","6 Avenue","East Broadway"
"164","IND","6 Avenue","East Broadway"
"165","IND","6 Avenue","East Broadway"
"166","IND","6 Avenue","East Broadway"
"167","IND","6 Avenue","Fort Hamilton Parkway"
"168","IND","6 Avenue","Fort Hamilton Parkway"
"169","IND","6 Avenue","Fort Hamilton Parkway"
"170","IND","6 Avenue","Fort Hamilton Parkway"
"171","IND","6 Avenue","Grand St"
"172","IND","6 Avenue","Grand St"
"173","IND","6 Avenue","Grand St"
"174","IND","6 Avenue","Prospect Park-15 St"
"175","IND","6 Avenue","Prospect Park-15 St"
"176","IND","6 Avenue","Prospect Park-15 St"
"177","IND","6 Avenue","Prospect Park-15 St"
"178","IND","6 Avenue","Prospect Park-15 St"
"179","IND","6 Avenue","Prospect Park-15 St"
"180","IND","6 Avenue","Smith-9th St"
"181","IND","6 Avenue","York St"
"182","IND","63rd Street","21st St"
"183","IND","63rd Street","21st St"
"184","IND","63rd Street","21st St"
"185","IND","63rd Street","21st St"
"186","IND","63rd Street","21st St"
"187","IND","63rd Street","Lexington Av"
"188","IND","63rd Street","Lexington Av"
"189","IND","63rd Street","Lexington Av"
"190","IND","63rd Street","Lexington Av"
"191","IND","63rd Street","Lexington Av"
"192","IND","63rd Street","Roosevelt Island"
"193","IND","8 Avenue","103rd St"
"194","IND","8 Avenue","116th St"
"195","IND","8 Avenue","116th St"
"196","IND","8 Avenue","116th St"
"197","IND","8 Avenue","116th St"
"198","IND","8 Avenue","125th St"
"199","IND","8 Avenue","125th St"
"200","IND","8 Avenue","125th St"
"201","IND","8 Avenue","125th St"
"202","IND","8 Avenue","125th St"
"203","IND","8 Avenue","125th St"
"204","IND","8 Avenue","135th St"
"205","IND","8 Avenue","135th St"
"206","IND","8 Avenue","135th St"
"207","IND","8 Avenue","135th St"
"208","IND","8 Avenue","135th St"
"209","IND","8 Avenue","135th St"
"210","IND","8 Avenue","145th St"
"211","IND","8 Avenue","145th St"
"212","IND","8 Avenue","145th St"
"213","IND","8 Avenue","145th St"
"214","IND","8 Avenue","145th St"
"215","IND","8 Avenue","145th St"
"216","IND","8 Avenue","14th St"
"217","IND","8 Avenue","14th St"
"218","IND","8 Avenue","14th St"
"219","IND","8 Avenue","14th St"
"220","IND","8 Avenue","14th St"
"221","IND","8 Avenue","14th St"
"222","IND","8 Avenue","14th St"
"223","IND","8 Avenue","14th St"
"224","IND","8 Avenue","155th St"
"225","IND","8 Avenue","155th St"
"226","IND","8 Avenue","155th St"
"227","IND","8 Avenue","155th St"
"228","IND","8 Avenue","155th St"
"229","IND","8 Avenue","155th St"
"230","IND","8 Avenue","163rd St - Amsterdam Av"
"231","IND","8 Avenue","163rd St - Amsterdam Av"
"232","IND","8 Avenue","163rd St - Amsterdam Av"
"233","IND","8 Avenue","168th St - Washington Heights"
"234","IND","8 Avenue","168th St - Washington Heights"
"235","IND","8 Avenue","168th St - Washington Heights"
"236","IND","8 Avenue","168th St - Washington Heights"
"237","IND","8 Avenue","175th St"
"238","IND","8 Avenue","175th St"
"239","IND","8 Avenue","175th St"
"240","IND","8 Avenue","175th St"
"241","IND","8 Avenue","175th St"
"242","IND","8 Avenue","175th St"
"243","IND","8 Avenue","175th St"
"244","IND","8 Avenue","181st St"
"245","IND","8 Avenue","181st St"
"246","IND","8 Avenue","181st St"
"247","IND","8 Avenue","181st St"
"248","IND","8 Avenue","181st St"
"249","IND","8 Avenue","190th St"
"250","IND","8 Avenue","190th St"
"251","IND","8 Avenue","23rd St"
"252","IND","8 Avenue","23rd St"
"253","IND","8 Avenue","23rd St"
"254","IND","8 Avenue","23rd St"
"255","IND","8 Avenue","23rd St"
"256","IND","8 Avenue","23rd St"
"257","IND","8 Avenue","23rd St"
"258","IND","8 Avenue","23rd St"
"259","IND","8 Avenue","23rd St"
"260","IND","8 Avenue","23rd St"
"261","IND","8 Avenue","23rd St"
"262","IND","8 Avenue","34th St"
"263","IND","8 Avenue","34th St"
"264","IND","8 Avenue","34th St"
"265","IND","8 Avenue","34th St"
"266","IND","8 Avenue","34th St"
"267","IND","8 Avenue","34th St"
"268","IND","8 Avenue","34th St"
"269","IND","8 Avenue","34th St"
"270","IND","8 Avenue","34th St"
"271","IND","8 Avenue","34th St"
"272","IND","8 Avenue","34th St"
"273","IND","8 Avenue","34th St"
"274","IND","8 Avenue","34th St"
"275","IND","8 Avenue","34th St"
"276","IND","8 Avenue","34th St"
"277","IND","8 Avenue","34th St"
"278","IND","8 Avenue","42nd St"
"279","IND","8 Avenue","42nd St"
"280","IND","8 Avenue","42nd St"
"281","IND","8 Avenue","42nd St"
"282","IND","8 Avenue","42nd St"
"283","IND","8 Avenue","42nd St"
"284","IND","8 Avenue","42nd St"
"285","IND","8 Avenue","42nd St"
"286","IND","8 Avenue","42nd St"
"287","IND","8 Avenue","50th St"
"288","IND","8 Avenue","50th St"
"289","IND","8 Avenue","50th St"
"290","IND","8 Avenue","50th St"
"291","IND","8 Avenue","50th St"
"292","IND","8 Avenue","50th St"
"293","IND","8 Avenue","50th St"
"294","IND","8 Avenue","50th St"
"295","IND","8 Avenue","50th St"
"296","IND","8 Avenue","50th St"
"297","IND","8 Avenue","59th St"
"298","IND","8 Avenue","59th St"
"299","IND","8 Avenue","59th St"
"300","IND","8 Avenue","59th St"
"301","IND","8 Avenue","59th St"
"302","IND","8 Avenue","59th St"
"303","IND","8 Avenue","59th St"
"304","IND","8 Avenue","59th St"
"305","IND","8 Avenue","59th St"
"306","IND","8 Avenue","59th St"
"307","IND","8 Avenue","59th St"
"308","IND","8 Avenue","59th St"
"309","IND","8 Avenue","72nd St"
"310","IND","8 Avenue","72nd St"
"311","IND","8 Avenue","72nd St"
"312","IND","8 Avenue","81st St - Museum of Natural History"
"313","IND","8 Avenue","81st St - Museum of Natural History"
"314","IND","8 Avenue","81st St - Museum of Natural History"
"315","IND","8 Avenue","81st St - Museum of Natural History"
"316","IND","8 Avenue","86th St"
"317","IND","8 Avenue","86th St"
"318","IND","8 Avenue","86th St"
"319","IND","8 Avenue","86th St"
"320","IND","8 Avenue","86th St"
"321","IND","8 Avenue","96th St"
"322","IND","8 Avenue","96th St"
"323","IND","8 Avenue","96th St"
"324","IND","8 Avenue","Broadway-Nassau"
"325","IND","8 Avenue","Broadway-Nassau"
"326","IND","8 Avenue","Canal St"
"327","IND","8 Avenue","Canal St"
"328","IND","8 Avenue","Canal St"
"329","IND","8 Avenue","Canal St"
"330","IND","8 Avenue","Canal St"
"331","IND","8 Avenue","Cathedral Parkway-110th St"
"332","IND","8 Avenue","Cathedral Parkway-110th St"
"333","IND","8 Avenue","Cathedral Parkway-110th St"
"334","IND","8 Avenue","Chambers St"
"335","IND","8 Avenue","Chambers St"
"336","IND","8 Avenue","Chambers St"
"337","IND","8 Avenue","Chambers St"
"338","IND","8 Avenue","Chambers St"
"339","IND","8 Avenue","Chambers St"
"340","IND","8 Avenue","Chambers St"
"341","IND","8 Avenue","Chambers St"
"342","IND","8 Avenue","Chambers St"
"343","IND","8 Avenue","Dyckman St-200th St"
"344","IND","8 Avenue","Dyckman St-200th St"
"345","IND","8 Avenue","Dyckman St-200th St"
"346","IND","8 Avenue","Dyckman St-200th St"
"347","IND","8 Avenue","Dyckman St-200th St"
"348","IND","8 Avenue","Dyckman St-200th St"
"349","IND","8 Avenue","Dyckman St-200th St"
"350","IND","8 Avenue","High St"
"351","IND","8 Avenue","High St"
"352","IND","8 Avenue","High St"
"353","IND","8 Avenue","Inwood - 207th St"
"354","IND","8 Avenue","Inwood - 207th St"
"355","IND","8 Avenue","Inwood - 207th St"
"356","IND","8 Avenue","Inwood - 207th St"
"357","IND","8 Avenue","Inwood - 207th St"
"358","IND","8 Avenue","Inwood - 207th St"
"359","IND","8 Avenue","Spring St"
"360","IND","8 Avenue","Spring St"
"361","IND","8 Avenue","Spring St"
"362","IND","8 Avenue","West 4th St"
"363","IND","8 Avenue","West 4th St"
"364","IND","8 Avenue","West 4th St"
"365","IND","8 Avenue","West 4th St"
"366","IND","8 Avenue","West 4th St"
"367","IND","8 Avenue","West 4th St"
"368","IND","8 Avenue","World Trade Center"
"369","IND","8 Avenue","World Trade Center"
"370","IND","8 Avenue","World Trade Center"
"371","IND","8 Avenue","World Trade Center"
"372","IND","8 Avenue","World Trade Center"
"373","IND","8 Avenue","World Trade Center"
"374","IND","8 Avenue","World Trade Center"
"375","IND","8 Avenue","World Trade Center"
"376","IND","Archer Av","Jamaica-Van Wyck"
"377","IND","Archer Av","Jamaica-Van Wyck"
"378","IND","Archer Av","Jamaica-Van Wyck"
"379","IND","Archer Av","Parsons Blvd-Archer Av - Jamaica Center"
"380","IND","Archer Av","Parsons Blvd-Archer Av - Jamaica Center"
"381","IND","Archer Av","Parsons Blvd-Archer Av - Jamaica Center"
"382","IND","Archer Av","Parsons Blvd-Archer Av - Jamaica Center"
"383","IND","Archer Av","Parsons Blvd-Archer Av - Jamaica Center"
"384","IND","Archer Av","Parsons Blvd-Archer Av - Jamaica Center"
"385","IND","Archer Av","Parsons Blvd-Archer Av - Jamaica Center"
"386","IND","Archer Av","Parsons Blvd-Archer Av - Jamaica Center"
"387","IND","Archer Av","Parsons Blvd-Archer Av - Jamaica Center"
"388","IND","Archer Av","Parsons Blvd-Archer Av - Jamaica Center"
"389","IND","Archer Av","Sutphin Blvd-Archer Av - JFK"
"390","IND","Archer Av","Sutphin Blvd-Archer Av - JFK"
"391","IND","Archer Av","Sutphin Blvd-Archer Av - JFK"
"392","IND","Archer Av","Sutphin Blvd-Archer Av - JFK"
"393","BMT","Astoria","30 Av-Grand Av"
"394","BMT","Astoria","30 Av-Grand Av"
"395","BMT","Astoria","30 Av-Grand Av"
"396","BMT","Astoria","30 Av-Grand Av"
"397","BMT","Astoria","36 Av-Washington Av"
"398","BMT","Astoria","36 Av-Washington Av"
"399","BMT","Astoria","36 Av-Washington Av"
"400","BMT","Astoria","39 Av-Beebe Av"
"401","BMT","Astoria","39 Av-Beebe Av"
"402","BMT","Astoria","Astoria Blvd-Hoyt Av"
"403","BMT","Astoria","Astoria Blvd-Hoyt Av"
"404","BMT","Astoria","Astoria Blvd-Hoyt Av"
"405","BMT","Astoria","Astoria Blvd-Hoyt Av"
"406","BMT","Astoria","Broadway"
"407","BMT","Astoria","Broadway"
"408","BMT","Astoria","Broadway"
"409","BMT","Astoria","Ditmars Blvd"
"410","BMT","Astoria","Ditmars Blvd"
"411","BMT","Astoria","Ditmars Blvd"
"412","BMT","Astoria","Ditmars Blvd"
"413","BMT","Brighton","7th Av"
"414","BMT","Brighton","7th Av"
"415","BMT","Brighton","Atlantic Av"
"416","BMT","Brighton","Av H"
"417","BMT","Brighton","Av H"
"418","BMT","Brighton","Av J"
"419","BMT","Brighton","Av J"
"420","BMT","Brighton","Av J"
"421","BMT","Brighton","Av M"
"422","BMT","Brighton","Av M"
"423","BMT","Brighton","Av U"
"424","BMT","Brighton","Beverly Rd"
"425","BMT","Brighton","Brighton Beach"
"426","BMT","Brighton","Brighton Beach"
"427","BMT","Brighton","Brighton Beach"
"428","BMT","Brighton","Brighton Beach"
"429","BMT","Brighton","Brighton Beach"
"430","BMT","Brighton","Brighton Beach"
"431","BMT","Brighton","Brighton Beach"
"432","BMT","Brighton","Brighton Beach"
"433","BMT","Brighton","Church Av"
"434","BMT","Brighton","Church Av"
"435","BMT","Brighton","Cortelyou Rd"
"436","BMT","Brighton","Kings Highway"
"437","BMT","Brighton","Kings Highway"
"438","BMT","Brighton","Kings Highway"
"439","BMT","Brighton","Neck Rd"
"440","BMT","Brighton","Newkirk Av"
"441","BMT","Brighton","Ocean Parkway"
"442","BMT","Brighton","Ocean Parkway"
"443","BMT","Brighton","Ocean Parkway"
"444","BMT","Brighton","Ocean Parkway"
"445","BMT","Brighton","Ocean Parkway"
"446","BMT","Brighton","Ocean Parkway"
"447","BMT","Brighton","Parkside Av"
"448","BMT","Brighton","Parkside Av"
"449","BMT","Brighton","Prospect Park"
"450","BMT","Brighton","Prospect Park"
"451","BMT","Brighton","Prospect Park"
"452","BMT","Brighton","Sheepshead Bay"
"453","BMT","Brighton","Sheepshead Bay"
"454","BMT","Brighton","Stillwell Av"
"455","BMT","Brighton","West 8th St"
"456","BMT","Brighton","West 8th St"
"457","BMT","Broadway","23rd St"
"458","BMT","Broadway","23rd St"
"459","BMT","Broadway","23rd St"
"460","BMT","Broadway","23rd St"
"461","BMT","Broadway","23rd St"
"462","BMT","Broadway","23rd St"
"463","BMT","Broadway","23rd St"
"464","BMT","Broadway","23rd St"
"465","BMT","Broadway","28th St"
"466","BMT","Broadway","28th St"
"467","BMT","Broadway","28th St"
"468","BMT","Broadway","28th St"
"469","BMT","Broadway","34th St"
"470","BMT","Broadway","34th St"
"471","BMT","Broadway","34th St"
"472","BMT","Broadway","34th St"
"473","BMT","Broadway","49th St"
"474","BMT","Broadway","49th St"
"475","BMT","Broadway","49th St"
"476","BMT","Broadway","49th St"
"477","BMT","Broadway","49th St"
"478","BMT","Broadway","49th St"
"479","BMT","Broadway","49th St"
"480","BMT","Broadway","57th St"
"481","BMT","Broadway","57th St"
"482","BMT","Broadway","57th St"
"483","BMT","Broadway","57th St"
"484","BMT","Broadway","57th St"
"485","BMT","Broadway","57th St"
"486","BMT","Broadway","57th St"
"487","BMT","Broadway","57th St"
"488","BMT","Broadway","5th Av"
"489","BMT","Broadway","5th Av"
"490","BMT","Broadway","5th Av"
"491","BMT","Broadway","5th Av"
"492","BMT","Broadway","5th Av"
"493","BMT","Broadway","5th Av"
"494","BMT","Broadway","5th Av"
"495","BMT","Broadway","8th St"
"496","BMT","Broadway","8th St"
"497","BMT","Broadway","8th St"
"498","BMT","Broadway","8th St"
"499","BMT","Broadway","8th St"
"500","BMT","Broadway","8th St"
"501","BMT","Broadway","8th St"
"502","BMT","Broadway","8th St"
"503","BMT","Broadway","Canal St (UL)"
"504","BMT","Broadway","Canal St (UL)"
"505","BMT","Broadway","Canal St (UL)"
"506","BMT","Broadway","Canal St (UL)"
"507","BMT","Broadway","Canal St (UL)"
"508","BMT","Broadway","Canal St (UL)"
"509","BMT","Broadway","Canal St (UL)"
"510","BMT","Broadway","City Hall"
"511","BMT","Broadway","City Hall"
"512","BMT","Broadway","City Hall"
"513","BMT","Broadway","Cortlandt St"
"514","BMT","Broadway","Cortlandt St"
"515","BMT","Broadway","Cortlandt St"
"516","BMT","Broadway","Cortlandt St"
"517","BMT","Broadway","Court St"
"518","BMT","Broadway","Court St"
"519","BMT","Broadway","Court St"
"520","BMT","Broadway","Lawrence St"
"521","BMT","Broadway","Lawrence St"
"522","BMT","Broadway","Lawrence St"
"523","BMT","Broadway","Lawrence St"
"524","BMT","Broadway","Lawrence St"
"525","BMT","Broadway","Lawrence St"
"526","BMT","Broadway","Lawrence St"
"527","BMT","Broadway","Lexington Av"
"528","BMT","Broadway","Lexington Av"
"529","BMT","Broadway","Lexington Av"
"530","BMT","Broadway","Lexington Av"
"531","BMT","Broadway","Prince St"
"532","BMT","Broadway","Prince St"
"533","BMT","Broadway","Prince St"
"534","BMT","Broadway","Prince St"
"535","BMT","Broadway","Rector St"
"536","BMT","Broadway","Rector St"
"537","BMT","Broadway","Rector St"
"538","BMT","Broadway","Rector St"
"539","BMT","Broadway","Rector St"
"540","BMT","Broadway","Rector St"
"541","BMT","Broadway","Rector St"
"542","BMT","Broadway","Rector St"
"543","BMT","Broadway","Rector St"
"544","BMT","Broadway","Times Square-42nd St"
"545","BMT","Broadway","Times Square-42nd St"
"546","BMT","Broadway","Times Square-42nd St"
"547","BMT","Broadway","Times Square-42nd St"
"548","BMT","Broadway","Union Square"
"549","BMT","Broadway","Union Square"
"550","BMT","Broadway","Union Square"
"551","BMT","Broadway","Union Square"
"552","BMT","Broadway","Whitehall St"
"553","BMT","Broadway","Whitehall St"
"554","BMT","Broadway","Whitehall St"
"555","BMT","Broadway","Whitehall St"
"556","BMT","Broadway","Whitehall St"
"557","BMT","Broadway","Whitehall St"
"558","BMT","Broadway Jamaica","104th St-102nd St"
"559","BMT","Broadway Jamaica","104th St-102nd St"
"560","BMT","Broadway Jamaica","111th St"
"561","BMT","Broadway Jamaica","111th St"
"562","BMT","Broadway Jamaica","121st St"
"563","BMT","Broadway Jamaica","121st St"
"564","BMT","Broadway Jamaica","121st St"
"565","BMT","Broadway Jamaica","121st St"
"566","BMT","Broadway Jamaica","Alabama Av"
"567","BMT","Broadway Jamaica","Alabama Av"
"568","BMT","Broadway Jamaica","Chauncey St"
"569","BMT","Broadway Jamaica","Chauncey St"
"570","BMT","Broadway Jamaica","Cleveland St"
"571","BMT","Broadway Jamaica","Cleveland St"
"572","BMT","Broadway Jamaica","Crescent St"
"573","BMT","Broadway Jamaica","Crescent St"
"574","BMT","Broadway Jamaica","Cypress Hills"
"575","BMT","Broadway Jamaica","Cypress Hills"
"576","BMT","Broadway Jamaica","Cypress Hills"
"577","BMT","Broadway Jamaica","Elderts Lane-75th St"
"578","BMT","Broadway Jamaica","Elderts Lane-75th St"
"579","BMT","Broadway Jamaica","Flushing Av"
"580","BMT","Broadway Jamaica","Flushing Av"
"581","BMT","Broadway Jamaica","Flushing Av"
"582","BMT","Broadway Jamaica","Flushing Av"
"583","BMT","Broadway Jamaica","Forest Parkway-85th St"
"584","BMT","Broadway Jamaica","Forest Parkway-85th St"
"585","BMT","Broadway Jamaica","Gates Av"
"586","BMT","Broadway Jamaica","Gates Av"
"587","BMT","Broadway Jamaica","Halsey St"
"588","BMT","Broadway Jamaica","Halsey St"
"589","BMT","Broadway Jamaica","Hewes St"
"590","BMT","Broadway Jamaica","Hewes St"
"591","BMT","Broadway Jamaica","Kosciusko St"
"592","BMT","Broadway Jamaica","Kosciusko St"
"593","BMT","Broadway Jamaica","Lorimer St"
"594","BMT","Broadway Jamaica","Lorimer St"
"595","BMT","Broadway Jamaica","Lorimer St"
"596","BMT","Broadway Jamaica","Lorimer St"
"597","BMT","Broadway Jamaica","Marcy Av"
"598","BMT","Broadway Jamaica","Marcy Av"
"599","BMT","Broadway Jamaica","Marcy Av"
"600","BMT","Broadway Jamaica","Marcy Av"
"601","BMT","Broadway Jamaica","Marcy Av"
"602","BMT","Broadway Jamaica","Marcy Av"
"603","BMT","Broadway Jamaica","Marcy Av"
"604","BMT","Broadway Jamaica","Marcy Av"
"605","BMT","Broadway Jamaica","Myrtle Av"
"606","BMT","Broadway Jamaica","Myrtle Av"
"607","BMT","Broadway Jamaica","Norwood Av"
"608","BMT","Broadway Jamaica","Norwood Av"
"609","BMT","Broadway Jamaica","Van Siclen Av"
"610","BMT","Broadway Jamaica","Van Siclen Av"
"611","BMT","Broadway Jamaica","Woodhaven Blvd"
"612","BMT","Broadway Jamaica","Woodhaven Blvd"
"613","BMT","Broadway Jamaica","Woodhaven Blvd"
"614","IRT","Broadway-7th Ave","103rd St"
"615","IRT","Broadway-7th Ave","103rd St"
"616","IRT","Broadway-7th Ave","103rd St"
"617","IRT","Broadway-7th Ave","103rd St"
"618","IRT","Broadway-7th Ave","103rd St"
"619","IRT","Broadway-7th Ave","116th St-Columbia University"
"620","IRT","Broadway-7th Ave","116th St-Columbia University"
"621","IRT","Broadway-7th Ave","116th St-Columbia University"
"622","IRT","Broadway-7th Ave","116th St-Columbia University"
"623","IRT","Broadway-7th Ave","116th St-Columbia University"
"624","IRT","Broadway-7th Ave","125th St"
"625","IRT","Broadway-7th Ave","125th St"
"626","IRT","Broadway-7th Ave","125th St"
"627","IRT","Broadway-7th Ave","125th St"
"628","IRT","Broadway-7th Ave","137th St-City College"
"629","IRT","Broadway-7th Ave","137th St-City College"
"630","IRT","Broadway-7th Ave","137th St-City College"
"631","IRT","Broadway-7th Ave","137th St-City College"
"632","IRT","Broadway-7th Ave","145th St"
"633","IRT","Broadway-7th Ave","145th St"
"634","IRT","Broadway-7th Ave","145th St"
"635","IRT","Broadway-7th Ave","14th St"
"636","IRT","Broadway-7th Ave","14th St"
"637","IRT","Broadway-7th Ave","14th St"
"638","IRT","Broadway-7th Ave","14th St"
"639","IRT","Broadway-7th Ave","14th St"
"640","IRT","Broadway-7th Ave","14th St"
"641","IRT","Broadway-7th Ave","14th St"
"642","IRT","Broadway-7th Ave","14th St"
"643","IRT","Broadway-7th Ave","157th St"
"644","IRT","Broadway-7th Ave","157th St"
"645","IRT","Broadway-7th Ave","157th St"
"646","IRT","Broadway-7th Ave","157th St"
"647","IRT","Broadway-7th Ave","168th St"
"648","IRT","Broadway-7th Ave","168th St"
"649","IRT","Broadway-7th Ave","168th St"
"650","IRT","Broadway-7th Ave","181st St"
"651","IRT","Broadway-7th Ave","181st St"
"652","IRT","Broadway-7th Ave","18th St"
"653","IRT","Broadway-7th Ave","18th St"
"654","IRT","Broadway-7th Ave","18th St"
"655","IRT","Broadway-7th Ave","18th St"
"656","IRT","Broadway-7th Ave","18th St"
"657","IRT","Broadway-7th Ave","18th St"
"658","IRT","Broadway-7th Ave","191st St"
"659","IRT","Broadway-7th Ave","191st St"
"660","IRT","Broadway-7th Ave","207th St"
"661","IRT","Broadway-7th Ave","207th St"
"662","IRT","Broadway-7th Ave","207th St"
"663","IRT","Broadway-7th Ave","207th St"
"664","IRT","Broadway-7th Ave","215th St"
"665","IRT","Broadway-7th Ave","215th St"
"666","IRT","Broadway-7th Ave","215th St"
"667","IRT","Broadway-7th Ave","215th St"
"668","IRT","Broadway-7th Ave","231st St"
"669","IRT","Broadway-7th Ave","231st St"
"670","IRT","Broadway-7th Ave","231st St"
"671","IRT","Broadway-7th Ave","231st St"
"672","IRT","Broadway-7th Ave","238th St"
"673","IRT","Broadway-7th Ave","238th St"
"674","IRT","Broadway-7th Ave","238th St"
"675","IRT","Broadway-7th Ave","23rd St"
"676","IRT","Broadway-7th Ave","23rd St"
"677","IRT","Broadway-7th Ave","23rd St"
"678","IRT","Broadway-7th Ave","23rd St"
"679","IRT","Broadway-7th Ave","28th St"
"680","IRT","Broadway-7th Ave","28th St"
"681","IRT","Broadway-7th Ave","28th St"
"682","IRT","Broadway-7th Ave","28th St"
"683","IRT","Broadway-7th Ave","28th St"
"684","IRT","Broadway-7th Ave","28th St"
"685","IRT","Broadway-7th Ave","34th St"
"686","IRT","Broadway-7th Ave","34th St"
"687","IRT","Broadway-7th Ave","34th St"
"688","IRT","Broadway-7th Ave","34th St"
"689","IRT","Broadway-7th Ave","34th St"
"690","IRT","Broadway-7th Ave","34th St"
"691","IRT","Broadway-7th Ave","34th St"
"692","IRT","Broadway-7th Ave","34th St"
"693","IRT","Broadway-7th Ave","34th St"
"694","IRT","Broadway-7th Ave","34th St"
"695","IRT","Broadway-7th Ave","34th St"
"696","IRT","Broadway-7th Ave","50th St"
"697","IRT","Broadway-7th Ave","50th St"
"698","IRT","Broadway-7th Ave","50th St"
"699","IRT","Broadway-7th Ave","50th St"
"700","IRT","Broadway-7th Ave","50th St"
"701","IRT","Broadway-7th Ave","50th St"
"702","IRT","Broadway-7th Ave","59th St-Columbus Circle"
"703","IRT","Broadway-7th Ave","59th St-Columbus Circle"
"704","IRT","Broadway-7th Ave","59th St-Columbus Circle"
"705","IRT","Broadway-7th Ave","59th St-Columbus Circle"
"706","IRT","Broadway-7th Ave","59th St-Columbus Circle"
"707","IRT","Broadway-7th Ave","66th St-Lincoln Center"
"708","IRT","Broadway-7th Ave","66th St-Lincoln Center"
"709","IRT","Broadway-7th Ave","66th St-Lincoln Center"
"710","IRT","Broadway-7th Ave","66th St-Lincoln Center"
"711","IRT","Broadway-7th Ave","66th St-Lincoln Center"
"712","IRT","Broadway-7th Ave","66th St-Lincoln Center"
"713","IRT","Broadway-7th Ave","72nd St"
"714","IRT","Broadway-7th Ave","72nd St"
"715","IRT","Broadway-7th Ave","72nd St"
"716","IRT","Broadway-7th Ave","72nd St"
"717","IRT","Broadway-7th Ave","79th St"
"718","IRT","Broadway-7th Ave","79th St"
"719","IRT","Broadway-7th Ave","79th St"
"720","IRT","Broadway-7th Ave","79th St"
"721","IRT","Broadway-7th Ave","86th St"
"722","IRT","Broadway-7th Ave","86th St"
"723","IRT","Broadway-7th Ave","86th St"
"724","IRT","Broadway-7th Ave","86th St"
"725","IRT","Broadway-7th Ave","86th St"
"726","IRT","Broadway-7th Ave","96th St"
"727","IRT","Broadway-7th Ave","96th St"
"728","IRT","Broadway-7th Ave","96th St"
"729","IRT","Broadway-7th Ave","96th St"
"730","IRT","Broadway-7th Ave","96th St"
"731","IRT","Broadway-7th Ave","96th St"
"732","IRT","Broadway-7th Ave","Canal St"
"733","IRT","Broadway-7th Ave","Canal St"
"734","IRT","Broadway-7th Ave","Canal St"
"735","IRT","Broadway-7th Ave","Canal St"
"736","IRT","Broadway-7th Ave","Cathedral Parkway-110th St"
"737","IRT","Broadway-7th Ave","Cathedral Parkway-110th St"
"738","IRT","Broadway-7th Ave","Cathedral Parkway-110th St"
"739","IRT","Broadway-7th Ave","Chambers St"
"740","IRT","Broadway-7th Ave","Chambers St"
"741","IRT","Broadway-7th Ave","Chambers St"
"742","IRT","Broadway-7th Ave","Chambers St"
"743","IRT","Broadway-7th Ave","Chambers St"
"744","IRT","Broadway-7th Ave","Christopher St"
"745","IRT","Broadway-7th Ave","Christopher St"
"746","IRT","Broadway-7th Ave","Christopher St"
"747","IRT","Broadway-7th Ave","Christopher St"
"748","IRT","Broadway-7th Ave","Christopher St"
"749","IRT","Broadway-7th Ave","Dyckman St"
"750","IRT","Broadway-7th Ave","Dyckman St"
"751","IRT","Broadway-7th Ave","Franklin St"
"752","IRT","Broadway-7th Ave","Franklin St"
"753","IRT","Broadway-7th Ave","Franklin St"
"754","IRT","Broadway-7th Ave","Franklin St"
"755","IRT","Broadway-7th Ave","Franklin St"
"756","IRT","Broadway-7th Ave","Houston St"
"757","IRT","Broadway-7th Ave","Houston St"
"758","IRT","Broadway-7th Ave","Houston St"
"759","IRT","Broadway-7th Ave","Houston St"
"760","IRT","Broadway-7th Ave","Houston St"
"761","IRT","Broadway-7th Ave","Houston St"
"762","IRT","Broadway-7th Ave","Houston St"
"763","IRT","Broadway-7th Ave","Houston St"
"764","IRT","Broadway-7th Ave","Marble Hill-225th St"
"765","IRT","Broadway-7th Ave","Marble Hill-225th St"
"766","IRT","Broadway-7th Ave","Rector St"
"767","IRT","Broadway-7th Ave","Rector St"
"768","IRT","Broadway-7th Ave","Rector St"
"769","IRT","Broadway-7th Ave","Rector St"
"770","IRT","Broadway-7th Ave","Rector St"
"771","IRT","Broadway-7th Ave","Rector St"
"772","IRT","Broadway-7th Ave","South Ferry"
"773","IRT","Broadway-7th Ave","South Ferry"
"774","IRT","Broadway-7th Ave","South Ferry"
"775","IRT","Broadway-7th Ave","South Ferry"
"776","IRT","Broadway-7th Ave","South Ferry"
"777","IRT","Broadway-7th Ave","Times Square"
"778","IRT","Broadway-7th Ave","Times Square"
"779","IRT","Broadway-7th Ave","Times Square"
"780","IRT","Broadway-7th Ave","Times Square"
"781","IRT","Broadway-7th Ave","Times Square"
"782","IRT","Broadway-7th Ave","Times Square"
"783","IRT","Broadway-7th Ave","Times Square"
"784","IRT","Broadway-7th Ave","Times Square"
"785","IRT","Broadway-7th Ave","Times Square"
"786","IRT","Broadway-7th Ave","Van Cortlandt Park-242nd St"
"787","IRT","Broadway-7th Ave","Van Cortlandt Park-242nd St"
"788","IRT","Broadway-7th Ave","Van Cortlandt Park-242nd St"
"789","IRT","Broadway-7th Ave","Van Cortlandt Park-242nd St"
"790","BMT","Canarsie","1st Av"
"791","BMT","Canarsie","1st Av"
"792","BMT","Canarsie","1st Av"
"793","BMT","Canarsie","1st Av"
"794","BMT","Canarsie","3rd Av"
"795","BMT","Canarsie","3rd Av"
"796","BMT","Canarsie","3rd Av"
"797","BMT","Canarsie","3rd Av"
"798","BMT","Canarsie","6th Av"
"799","BMT","Canarsie","6th Av"
"800","BMT","Canarsie","8th Av"
"801","BMT","Canarsie","8th Av"
"802","BMT","Canarsie","Atlantic Av"
"803","BMT","Canarsie","Atlantic Av"
"804","BMT","Canarsie","Atlantic Av"
"805","BMT","Canarsie","Bedford Av"
"806","BMT","Canarsie","Bedford Av"
"807","BMT","Canarsie","Bedford Av"
"808","BMT","Canarsie","Bedford Av"
"809","BMT","Canarsie","Bushwick Av"
"810","BMT","Canarsie","Canarsie - Rockaway Parkway"
"811","BMT","Canarsie","Canarsie - Rockaway Parkway"
"812","BMT","Canarsie","Canarsie - Rockaway Parkway"
"813","BMT","Canarsie","DeKalb Av"
"814","BMT","Canarsie","DeKalb Av"
"815","BMT","Canarsie","DeKalb Av"
"816","BMT","Canarsie","DeKalb Av"
"817","BMT","Canarsie","DeKalb Av"
"818","BMT","Canarsie","DeKalb Av"
"819","BMT","Canarsie","DeKalb Av"
"820","BMT","Canarsie","DeKalb Av"
"821","BMT","Canarsie","East 105th St"
"822","BMT","Canarsie","East 105th St"
"823","BMT","Canarsie","Graham Av"
"824","BMT","Canarsie","Graham Av"
"825","BMT","Canarsie","Graham Av"
"826","BMT","Canarsie","Graham Av"
"827","BMT","Canarsie","Grand St"
"828","BMT","Canarsie","Grand St"
"829","BMT","Canarsie","Grand St"
"830","BMT","Canarsie","Grand St"
"831","BMT","Canarsie","Halsey St"
"832","BMT","Canarsie","Halsey St"
"833","BMT","Canarsie","Halsey St"
"834","BMT","Canarsie","Halsey St"
"835","BMT","Canarsie","Halsey St"
"836","BMT","Canarsie","Halsey St"
"837","BMT","Canarsie","Jefferson St"
"838","BMT","Canarsie","Jefferson St"
"839","BMT","Canarsie","Jefferson St"
"840","BMT","Canarsie","Jefferson St"
"841","BMT","Canarsie","Jefferson St"
"842","BMT","Canarsie","Jefferson St"
"843","BMT","Canarsie","Livonia Av"
"844","BMT","Canarsie","Livonia Av"
"845","BMT","Canarsie","Lorimer St"
"846","BMT","Canarsie","Lorimer St"
"847","BMT","Canarsie","Montrose Av"
"848","BMT","Canarsie","Montrose Av"
"849","BMT","Canarsie","Morgan Av"
"850","BMT","Canarsie","Morgan Av"
"851","BMT","Canarsie","Morgan Av"
"852","BMT","Canarsie","Myrtle Av"
"853","BMT","Canarsie","Myrtle Av"
"854","BMT","Canarsie","Myrtle Av"
"855","BMT","Canarsie","New Lots Av"
"856","BMT","Canarsie","Sutter Av"
"857","BMT","Canarsie","Union Square"
"858","BMT","Canarsie","Union Square"
"859","BMT","Canarsie","Wilson Av"
"860","IRT","Clark","Borough Hall"
"861","IRT","Clark","Borough Hall"
"862","IRT","Clark","Borough Hall"
"863","IRT","Clark","Borough Hall"
"864","IRT","Clark","Clark St"
"865","IRT","Clark","Clark St"
"866","IRT","Clark","Fulton St"
"867","IRT","Clark","Fulton St"
"868","IRT","Clark","Fulton St"
"869","IRT","Clark","Fulton St"
"870","IRT","Clark","Park Place"
"871","IRT","Clark","Wall St"
"872","IRT","Clark","Wall St"
"873","IRT","Clark","Wall St"
"874","IRT","Clark","Wall St"
"875","IRT","Clark","Wall St"
"876","IRT","Clark","Wall St"
"877","IND","Concourse","155th St"
"878","IND","Concourse","167th St"
"879","IND","Concourse","167th St"
"880","IND","Concourse","167th St"
"881","IND","Concourse","167th St"
"882","IND","Concourse","167th St"
"883","IND","Concourse","167th St"
"884","IND","Concourse","170th St"
"885","IND","Concourse","170th St"
"886","IND","Concourse","170th St"
"887","IND","Concourse","170th St"
"888","IND","Concourse","170th St"
"889","IND","Concourse","174-175th Sts"
"890","IND","Concourse","174-175th Sts"
"891","IND","Concourse","174-175th Sts"
"892","IND","Concourse","174-175th Sts"
"893","IND","Concourse","182nd-183rd Sts"
"894","IND","Concourse","182nd-183rd Sts"
"895","IND","Concourse","182nd-183rd Sts"
"896","IND","Concourse","182nd-183rd Sts"
"897","IND","Concourse","Bedford Park Blvd"
"898","IND","Concourse","Bedford Park Blvd"
"899","IND","Concourse","Bedford Park Blvd"
"900","IND","Concourse","Bedford Park Blvd"
"901","IND","Concourse","Bedford Park Blvd"
"902","IND","Concourse","Fordham Rd"
"903","IND","Concourse","Fordham Rd"
"904","IND","Concourse","Fordham Rd"
"905","IND","Concourse","Fordham Rd"
"906","IND","Concourse","Fordham Rd"
"907","IND","Concourse","Fordham Rd"
"908","IND","Concourse","Kingsbridge Rd"
"909","IND","Concourse","Kingsbridge Rd"
"910","IND","Concourse","Kingsbridge Rd"
"911","IND","Concourse","Kingsbridge Rd"
"912","IND","Concourse","Kingsbridge Rd"
"913","IND","Concourse","Norwood-205th St"
"914","IND","Concourse","Norwood-205th St"
"915","IND","Concourse","Norwood-205th St"
"916","IND","Concourse","Norwood-205th St"
"917","IND","Concourse","Tremont Av"
"918","IND","Concourse","Tremont Av"
"919","IND","Concourse","Tremont Av"
"920","IND","Concourse","Tremont Av"
"921","IND","Concourse","Tremont Av"
"922","IND","Concourse","Yankee Stadium-161st St"
"923","IND","Concourse","Yankee Stadium-161st St"
"924","IND","Concourse","Yankee Stadium-161st St"
"925","IND","Concourse","Yankee Stadium-161st St"
"926","IND","Concourse","Yankee Stadium-161st St"
"927","IND","Concourse","Yankee Stadium-161st St"
"928","IND","Concourse","Yankee Stadium-161st St"
"929","IND","Concourse","Yankee Stadium-161st St"
"930","BMT","Coney Island","Stillwell Av"
"931","BMT","Coney Island","West 8th St"
"932","BMT","Coney Island","West 8th St"
"933","IND","Crosstown","21st St"
"934","IND","Crosstown","21st St"
"935","IND","Crosstown","21st St"
"936","IND","Crosstown","Bedford-Nostrand Avs"
"937","IND","Crosstown","Bedford-Nostrand Avs"
"938","IND","Crosstown","Bedford-Nostrand Avs"
"939","IND","Crosstown","Bedford-Nostrand Avs"
"940","IND","Crosstown","Bedford-Nostrand Avs"
"941","IND","Crosstown","Bedford-Nostrand Avs"
"942","IND","Crosstown","Broadway"
"943","IND","Crosstown","Broadway"
"944","IND","Crosstown","Broadway"
"945","IND","Crosstown","Broadway"
"946","IND","Crosstown","Classon Av"
"947","IND","Crosstown","Classon Av"
"948","IND","Crosstown","Classon Av"
"949","IND","Crosstown","Clinton-Washington Avs"
"950","IND","Crosstown","Clinton-Washington Avs"
"951","IND","Crosstown","Clinton-Washington Avs"
"952","IND","Crosstown","Clinton-Washington Avs"
"953","IND","Crosstown","Clinton-Washington Avs"
"954","IND","Crosstown","Clinton-Washington Avs"
"955","IND","Crosstown","Clinton-Washington Avs"
"956","IND","Crosstown","Clinton-Washington Avs"
"957","IND","Crosstown","Flushing Av"
"958","IND","Crosstown","Flushing Av"
"959","IND","Crosstown","Fulton St"
"960","IND","Crosstown","Fulton St"
"961","IND","Crosstown","Greenpoint Av"
"962","IND","Crosstown","Greenpoint Av"
"963","IND","Crosstown","Greenpoint Av"
"964","IND","Crosstown","Greenpoint Av"
"965","IND","Crosstown","Greenpoint Av"
"966","IND","Crosstown","Long Island City-Court Square"
"967","IND","Crosstown","Long Island City-Court Square"
"968","IND","Crosstown","Long Island City-Court Square"
"969","IND","Crosstown","Metropolitan Av"
"970","IND","Crosstown","Metropolitan Av"
"971","IND","Crosstown","Metropolitan Av"
"972","IND","Crosstown","Metropolitan Av"
"973","IND","Crosstown","Myrtle-Willoughby Avs"
"974","IND","Crosstown","Myrtle-Willoughby Avs"
"975","IND","Crosstown","Nassau Av"
"976","IND","Crosstown","Nassau Av"
"977","IND","Crosstown","Nassau Av"
"978","IND","Crosstown","Nassau Av"
"979","IND","Crosstown","Nassau Av"
"980","IND","Crosstown","Nassau Av"
"981","IND","Culver","18th Av"
"982","IND","Culver","18th Av"
"983","IND","Culver","18th Av"
"984","IND","Culver","18th Av"
"985","IND","Culver","Av I"
"986","IND","Culver","Av I"
"987","IND","Culver","Av I"
"988","IND","Culver","Av I"
"989","IND","Culver","Av N"
"990","IND","Culver","Av N"
"991","IND","Culver","Av N"
"992","IND","Culver","Av N"
"993","IND","Culver","Av P"
"994","IND","Culver","Av P"
"995","IND","Culver","Av U"
"996","IND","Culver","Av U"
"997","IND","Culver","Av U"
"998","IND","Culver","Av U"
"999","IND","Culver","Av X"
"1000","IND","Culver","Av X"
"1001","IND","Culver","Bay Parkway-22nd Av"
"1002","IND","Culver","Bay Parkway-22nd Av"
"1003","IND","Culver","Bay Parkway-22nd Av"
"1004","IND","Culver","Ditmas Av"
"1005","IND","Culver","Ditmas Av"
"1006","IND","Culver","Ditmas Av"
"1007","IND","Culver","Ditmas Av"
"1008","IND","Culver","Kings Highway"
"1009","IND","Culver","Kings Highway"
"1010","IND","Culver","Kings Highway"
"1011","IND","Culver","Kings Highway"
"1012","IND","Culver","Neptune Av-Van Siclen"
"1013","IND","Culver","Neptune Av-Van Siclen"
"1014","IRT","Dyre Av","Baychester Av"
"1015","IRT","Dyre Av","Baychester Av"
"1016","IRT","Dyre Av","Eastchester-Dyre Av"
"1017","IRT","Dyre Av","Gun Hill Rd"
"1018","IRT","Dyre Av","Gun Hill Rd"
"1019","IRT","Dyre Av","Morris Park"
"1020","IRT","Dyre Av","Pelham Parkway"
"1021","IRT","Eastern Parkway","Atlantic Av-Barclays Ctr"
"1022","IRT","Eastern Parkway","Bergen St"
"1023","IRT","Eastern Parkway","Bergen St"
"1024","IRT","Eastern Parkway","Bergen St"
"1025","IRT","Eastern Parkway","Bergen St"
"1026","IRT","Eastern Parkway","Bergen St"
"1027","IRT","Eastern Parkway","Eastern Parkway-Brooklyn Museum"
"1028","IRT","Eastern Parkway","Eastern Parkway-Brooklyn Museum"
"1029","IRT","Eastern Parkway","Franklin Av"
"1030","IRT","Eastern Parkway","Franklin Av"
"1031","IRT","Eastern Parkway","Franklin Av"
"1032","IRT","Eastern Parkway","Franklin Av"
"1033","IRT","Eastern Parkway","Grand Army Plaza"
"1034","IRT","Eastern Parkway","Grand Army Plaza"
"1035","IRT","Eastern Parkway","Grand Army Plaza"
"1036","IRT","Eastern Parkway","Grand Army Plaza"
"1037","IRT","Eastern Parkway","Hoyt St"
"1038","IRT","Eastern Parkway","Hoyt St"
"1039","IRT","Eastern Parkway","Hoyt St"
"1040","IRT","Eastern Parkway","Hoyt St"
"1041","IRT","Eastern Parkway","Hoyt St"
"1042","IRT","Eastern Parkway","Kingston Av"
"1043","IRT","Eastern Parkway","Kingston Av"
"1044","IRT","Eastern Parkway","Nevins St"
"1045","IRT","Eastern Parkway","Nevins St"
"1046","IRT","Eastern Parkway","Nevins St"
"1047","IRT","Eastern Parkway","Nevins St"
"1048","IRT","Eastern Parkway","Nostrand Av"
"1049","IRT","Eastern Parkway","Nostrand Av"
"1050","IRT","Eastern Parkway","Utica Av"
"1051","IRT","Eastern Parkway","Utica Av"
"1052","IRT","Eastern Parkway","Utica Av"
"1053","IRT","Eastern Parkway","Utica Av"
"1054","IRT","Eastern Parkway","Utica Av"
"1055","IRT","Eastern Parkway","Utica Av"
"1056","IRT","Eastern Parkway","Utica Av"
"1057","IRT","Flushing","103rd St"
"1058","IRT","Flushing","103rd St"
"1059","IRT","Flushing","103rd St"
"1060","IRT","Flushing","103rd St"
"1061","IRT","Flushing","111th St"
"1062","IRT","Flushing","111th St"
"1063","IRT","Flushing","111th St"
"1064","IRT","Flushing","45 Rd-Court House Sq"
"1065","IRT","Flushing","45 Rd-Court House Sq"
"1066","IRT","Flushing","45 Rd-Court House Sq"
"1067","IRT","Flushing","5th Av"
"1068","IRT","Flushing","5th Av"
"1069","IRT","Flushing","5th Av"
"1070","IRT","Flushing","82nd St-Jackson Heights"
"1071","IRT","Flushing","82nd St-Jackson Heights"
"1072","IRT","Flushing","82nd St-Jackson Heights"
"1073","IRT","Flushing","90th St Elmhurst"
"1074","IRT","Flushing","90th St Elmhurst"
"1075","IRT","Flushing","90th St Elmhurst"
"1076","IRT","Flushing","Bliss St-46th St"
"1077","IRT","Flushing","Bliss St-46th St"
"1078","IRT","Flushing","Bliss St-46th St"
"1079","IRT","Flushing","Bliss St-46th St"
"1080","IRT","Flushing","Bliss St-46th St"
"1081","IRT","Flushing","Bliss St-46th St"
"1082","IRT","Flushing","Broadway-74th St"
"1083","IRT","Flushing","Fisk Av-69th St"
"1084","IRT","Flushing","Fisk Av-69th St"
"1085","IRT","Flushing","Flushing-Main St"
"1086","IRT","Flushing","Flushing-Main St"
"1087","IRT","Flushing","Flushing-Main St"
"1088","IRT","Flushing","Flushing-Main St"
"1089","IRT","Flushing","Flushing-Main St"
"1090","IRT","Flushing","Flushing-Main St"
"1091","IRT","Flushing","Flushing-Main St"
"1092","IRT","Flushing","Flushing-Main St"
"1093","IRT","Flushing","Flushing-Main St"
"1094","IRT","Flushing","Flushing-Main St"
"1095","IRT","Flushing","Grand Central-42nd St"
"1096","IRT","Flushing","Hunters Point"
"1097","IRT","Flushing","Hunters Point"
"1098","IRT","Flushing","Hunters Point"
"1099","IRT","Flushing","Junction Blvd"
"1100","IRT","Flushing","Junction Blvd"
"1101","IRT","Flushing","Junction Blvd"
"1102","IRT","Flushing","Junction Blvd"
"1103","IRT","Flushing","Junction Blvd"
"1104","IRT","Flushing","Lincoln Av-52nd St"
"1105","IRT","Flushing","Lincoln Av-52nd St"
"1106","IRT","Flushing","Lincoln Av-52nd St"
"1107","IRT","Flushing","Lincoln Av-52nd St"
"1108","IRT","Flushing","Lowery St-40th St"
"1109","IRT","Flushing","Lowery St-40th St"
"1110","IRT","Flushing","Lowery St-40th St"
"1111","IRT","Flushing","Lowery St-40th St"
"1112","IRT","Flushing","Mets - Willets Point"
"1113","IRT","Flushing","Mets - Willets Point"
"1114","IRT","Flushing","Mets - Willets Point"
"1115","IRT","Flushing","Mets - Willets Point"
"1116","IRT","Flushing","Queensboro Plaza"
"1117","IRT","Flushing","Queensboro Plaza"
"1118","IRT","Flushing","Rawson St-33rd St"
"1119","IRT","Flushing","Rawson St-33rd St"
"1120","IRT","Flushing","Rawson St-33rd St"
"1121","IRT","Flushing","Rawson St-33rd St"
"1122","IRT","Flushing","Rawson St-33rd St"
"1123","IRT","Flushing","Rawson St-33rd St"
"1124","IRT","Flushing","Vernon Blvd-Jackson Av"
"1125","IRT","Flushing","Vernon Blvd-Jackson Av"
"1126","IRT","Flushing","Vernon Blvd-Jackson Av"
"1127","IRT","Flushing","Vernon Blvd-Jackson Av"
"1128","IRT","Flushing","Vernon Blvd-Jackson Av"
"1129","IRT","Flushing","Vernon Blvd-Jackson Av"
"1130","IRT","Flushing","Vernon Blvd-Jackson Av"
"1131","IRT","Flushing","Vernon Blvd-Jackson Av"
"1132","IRT","Flushing","Woodside Av-61st St"
"1133","IRT","Flushing","Woodside Av-61st St"
"1134","IRT","Flushing","Woodside Av-61st St"
"1135","BMT","Franklin","Botanic Gardens"
"1136","BMT","Franklin","Franklin Av"
"1137","BMT","Franklin","Park Place"
"1138","BMT","Franklin","Park Place"
"1139","IND","Fulton","Broadway Junction-East New York"
"1140","IND","Fulton","Clinton & Washington Avs"
"1141","IND","Fulton","Clinton & Washington Avs"
"1142","IND","Fulton","Clinton & Washington Avs"
"1143","IND","Fulton","Clinton & Washington Avs"
"1144","IND","Fulton","Clinton & Washington Avs"
"1145","IND","Fulton","Euclid Av"
"1146","IND","Fulton","Euclid Av"
"1147","IND","Fulton","Euclid Av"
"1148","IND","Fulton","Euclid Av"
"1149","IND","Fulton","Euclid Av"
"1150","IND","Fulton","Franklin Av"
"1151","IND","Fulton","Hoyt & Schermerhorn"
"1152","IND","Fulton","Hoyt & Schermerhorn"
"1153","IND","Fulton","Jay St - Borough Hall"
"1154","IND","Fulton","Jay St - Borough Hall"
"1155","IND","Fulton","Jay St - Borough Hall"
"1156","IND","Fulton","Jay St - Borough Hall"
"1157","IND","Fulton","Jay St - Borough Hall"
"1158","IND","Fulton","Jay St - Borough Hall"
"1159","IND","Fulton","Jay St - Borough Hall"
"1160","IND","Fulton","Jay St - Borough Hall"
"1161","IND","Fulton","Jay St - Borough Hall"
"1162","IND","Fulton","Jay St - Borough Hall"
"1163","IND","Fulton","Jay St - Borough Hall"
"1164","IND","Fulton","Jay St - Borough Hall"
"1165","IND","Fulton","Jay St - Borough Hall"
"1166","IND","Fulton","Kingston-Throop"
"1167","IND","Fulton","Kingston-Throop"
"1168","IND","Fulton","Kingston-Throop"
"1169","IND","Fulton","Kingston-Throop"
"1170","IND","Fulton","Lafayette Av"
"1171","IND","Fulton","Lafayette Av"
"1172","IND","Fulton","Lafayette Av"
"1173","IND","Fulton","Lafayette Av"
"1174","IND","Fulton","Lafayette Av"
"1175","IND","Fulton","Lafayette Av"
"1176","IND","Fulton","Lafayette Av"
"1177","IND","Fulton","Lafayette Av"
"1178","IND","Fulton","Lafayette Av"
"1179","IND","Fulton","Liberty Av"
"1180","IND","Fulton","Liberty Av"
"1181","IND","Fulton","Liberty Av"
"1182","IND","Fulton","Liberty Av"
"1183","IND","Fulton","Nostrand Av"
"1184","IND","Fulton","Nostrand Av"
"1185","IND","Fulton","Nostrand Av"
"1186","IND","Fulton","Nostrand Av"
"1187","IND","Fulton","Ralph Av"
"1188","IND","Fulton","Ralph Av"
"1189","IND","Fulton","Ralph Av"
"1190","IND","Fulton","Rockaway Av"
"1191","IND","Fulton","Rockaway Av"
"1192","IND","Fulton","Rockaway Av"
"1193","IND","Fulton","Rockaway Av"
"1194","IND","Fulton","Rockaway Av"
"1195","IND","Fulton","Rockaway Av"
"1196","IND","Fulton","Shepherd Av"
"1197","IND","Fulton","Shepherd Av"
"1198","IND","Fulton","Shepherd Av"
"1199","IND","Fulton","Shepherd Av"
"1200","IND","Fulton","Utica Av"
"1201","IND","Fulton","Utica Av"
"1202","IND","Fulton","Utica Av"
"1203","IND","Fulton","Utica Av"
"1204","IND","Fulton","Van Siclen Av"
"1205","IND","Fulton","Van Siclen Av"
"1206","IND","Fulton","Van Siclen Av"
"1207","IND","Fulton","Van Siclen Av"
"1208","IRT","Jerome","138th St"
"1209","IRT","Jerome","138th St"
"1210","IRT","Jerome","138th St"
"1211","IRT","Jerome","149th St-Grand Concourse"
"1212","IRT","Jerome","149th St-Grand Concourse"
"1213","IRT","Jerome","149th St-Grand Concourse"
"1214","IRT","Jerome","149th St-Grand Concourse"
"1215","IRT","Jerome","167th St"
"1216","IRT","Jerome","167th St"
"1217","IRT","Jerome","167th St"
"1218","IRT","Jerome","167th St"
"1219","IRT","Jerome","170th St"
"1220","IRT","Jerome","170th St"
"1221","IRT","Jerome","170th St"
"1222","IRT","Jerome","176th St"
"1223","IRT","Jerome","176th St"
"1224","IRT","Jerome","183rd St"
"1225","IRT","Jerome","183rd St"
"1226","IRT","Jerome","183rd St"
"1227","IRT","Jerome","Bedford Park Blvd-Lehman College"
"1228","IRT","Jerome","Burnside Av"
"1229","IRT","Jerome","Burnside Av"
"1230","IRT","Jerome","Burnside Av"
"1231","IRT","Jerome","Burnside Av"
"1232","IRT","Jerome","Fordham Rd"
"1233","IRT","Jerome","Fordham Rd"
"1234","IRT","Jerome","Fordham Rd"
"1235","IRT","Jerome","Fordham Rd"
"1236","IRT","Jerome","Kingsbridge Rd"
"1237","IRT","Jerome","Kingsbridge Rd"
"1238","IRT","Jerome","Kingsbridge Rd"
"1239","IRT","Jerome","Mosholu Parkway"
"1240","IRT","Jerome","Mosholu Parkway"
"1241","IRT","Jerome","Mosholu Parkway"
"1242","IRT","Jerome","Mosholu Parkway"
"1243","IRT","Jerome","Mt Eden Av"
"1244","IRT","Jerome","Mt Eden Av"
"1245","IRT","Jerome","Woodlawn"
"1246","IRT","Jerome","Woodlawn"
"1247","IRT","Jerome","Yankee Stadium-161st St"
"1248","IRT","Jerome","Yankee Stadium-161st St"
"1249","IRT","Jerome","Yankee Stadium-161st St"
"1250","IRT","Jerome","Yankee Stadium-161st St"
"1251","IRT","Jerome","Yankee Stadium-161st St"
"1252","IRT","Jerome","Yankee Stadium-161st St"
"1253","IRT","Jerome","Yankee Stadium-161st St"
"1254","IRT","Jerome","Yankee Stadium-161st St"
"1255","IRT","Lenox","110th St-Central Park North"
"1256","IRT","Lenox","110th St-Central Park North"
"1257","IRT","Lenox","116th St"
"1258","IRT","Lenox","116th St"
"1259","IRT","Lenox","116th St"
"1260","IRT","Lenox","116th St"
"1261","IRT","Lenox","125th St"
"1262","IRT","Lenox","125th St"
"1263","IRT","Lenox","125th St"
"1264","IRT","Lenox","125th St"
"1265","IRT","Lenox","135th St"
"1266","IRT","Lenox","135th St"
"1267","IRT","Lenox","135th St"
"1268","IRT","Lenox","135th St"
"1269","IRT","Lenox","145th St"
"1270","IRT","Lenox","145th St"
"1271","IRT","Lenox","145th St"
"1272","IRT","Lenox","145th St"
"1273","IRT","Lenox","Harlem-148th St"
"1274","IRT","Lexington","103rd St"
"1275","IRT","Lexington","103rd St"
"1276","IRT","Lexington","110th St"
"1277","IRT","Lexington","110th St"
"1278","IRT","Lexington","110th St"
"1279","IRT","Lexington","110th St"
"1280","IRT","Lexington","116th St"
"1281","IRT","Lexington","116th St"
"1282","IRT","Lexington","116th St"
"1283","IRT","Lexington","116th St"
"1284","IRT","Lexington","125th St"
"1285","IRT","Lexington","125th St"
"1286","IRT","Lexington","125th St"
"1287","IRT","Lexington","125th St"
"1288","IRT","Lexington","125th St"
"1289","IRT","Lexington","14th St-Union Square"
"1290","IRT","Lexington","14th St-Union Square"
"1291","IRT","Lexington","14th St-Union Square"
"1292","IRT","Lexington","14th St-Union Square"
"1293","IRT","Lexington","14th St-Union Square"
"1294","IRT","Lexington","14th St-Union Square"
"1295","IRT","Lexington","23rd St"
"1296","IRT","Lexington","23rd St"
"1297","IRT","Lexington","23rd St"
"1298","IRT","Lexington","23rd St"
"1299","IRT","Lexington","23rd St"
"1300","IRT","Lexington","23rd St"
"1301","IRT","Lexington","23rd St"
"1302","IRT","Lexington","23rd St"
"1303","IRT","Lexington","23rd St"
"1304","IRT","Lexington","28th St"
"1305","IRT","Lexington","28th St"
"1306","IRT","Lexington","28th St"
"1307","IRT","Lexington","28th St"
"1308","IRT","Lexington","28th St"
"1309","IRT","Lexington","28th St"
"1310","IRT","Lexington","28th St"
"1311","IRT","Lexington","33rd St"
"1312","IRT","Lexington","33rd St"
"1313","IRT","Lexington","33rd St"
"1314","IRT","Lexington","33rd St"
"1315","IRT","Lexington","33rd St"
"1316","IRT","Lexington","33rd St"
"1317","IRT","Lexington","33rd St"
"1318","IRT","Lexington","33rd St"
"1319","IRT","Lexington","33rd St"
"1320","IRT","Lexington","51st St"
"1321","IRT","Lexington","51st St"
"1322","IRT","Lexington","51st St"
"1323","IRT","Lexington","51st St"
"1324","IRT","Lexington","51st St"
"1325","IRT","Lexington","51st St"
"1326","IRT","Lexington","51st St"
"1327","IRT","Lexington","51st St"
"1328","IRT","Lexington","51st St"
"1329","IRT","Lexington","59th St"
"1330","IRT","Lexington","59th St"
"1331","IRT","Lexington","59th St"
"1332","IRT","Lexington","59th St"
"1333","IRT","Lexington","59th St"
"1334","IRT","Lexington","59th St"
"1335","IRT","Lexington","59th St"
"1336","IRT","Lexington","68th St-Hunter College"
"1337","IRT","Lexington","68th St-Hunter College"
"1338","IRT","Lexington","68th St-Hunter College"
"1339","IRT","Lexington","68th St-Hunter College"
"1340","IRT","Lexington","68th St-Hunter College"
"1341","IRT","Lexington","77th St"
"1342","IRT","Lexington","77th St"
"1343","IRT","Lexington","77th St"
"1344","IRT","Lexington","77th St"
"1345","IRT","Lexington","77th St"
"1346","IRT","Lexington","77th St"
"1347","IRT","Lexington","77th St"
"1348","IRT","Lexington","77th St"
"1349","IRT","Lexington","86th St"
"1350","IRT","Lexington","86th St"
"1351","IRT","Lexington","86th St"
"1352","IRT","Lexington","86th St"
"1353","IRT","Lexington","86th St"
"1354","IRT","Lexington","86th St"
"1355","IRT","Lexington","86th St"
"1356","IRT","Lexington","86th St"
"1357","IRT","Lexington","96th St"
"1358","IRT","Lexington","96th St"
"1359","IRT","Lexington","96th St"
"1360","IRT","Lexington","96th St"
"1361","IRT","Lexington","Astor Place"
"1362","IRT","Lexington","Astor Place"
"1363","IRT","Lexington","Bleecker St"
"1364","IRT","Lexington","Bleecker St"
"1365","IRT","Lexington","Bleecker St"
"1366","IRT","Lexington","Bleecker St"
"1367","IRT","Lexington","Bleecker St"
"1368","IRT","Lexington","Bleecker St"
"1369","IRT","Lexington","Bleecker St"
"1370","IRT","Lexington","Borough Hall"
"1371","IRT","Lexington","Borough Hall"
"1372","IRT","Lexington","Borough Hall"
"1373","IRT","Lexington","Borough Hall"
"1374","IRT","Lexington","Borough Hall"
"1375","IRT","Lexington","Bowling Green"
"1376","IRT","Lexington","Bowling Green"
"1377","IRT","Lexington","Bowling Green"
"1378","IRT","Lexington","Bowling Green"
"1379","IRT","Lexington","Bowling Green"
"1380","IRT","Lexington","Brooklyn Bridge-City Hall"
"1381","IRT","Lexington","Brooklyn Bridge-City Hall"
"1382","IRT","Lexington","Brooklyn Bridge-City Hall"
"1383","IRT","Lexington","Brooklyn Bridge-City Hall"
"1384","IRT","Lexington","Brooklyn Bridge-City Hall"
"1385","IRT","Lexington","Brooklyn Bridge-City Hall"
"1386","IRT","Lexington","Brooklyn Bridge-City Hall"
"1387","IRT","Lexington","Brooklyn Bridge-City Hall"
"1388","IRT","Lexington","Brooklyn Bridge-City Hall"
"1389","IRT","Lexington","Canal St"
"1390","IRT","Lexington","Canal St"
"1391","IRT","Lexington","Canal St"
"1392","IRT","Lexington","Canal St"
"1393","IRT","Lexington","Canal St"
"1394","IRT","Lexington","Canal St"
"1395","IRT","Lexington","Canal St"
"1396","IRT","Lexington","Fulton St"
"1397","IRT","Lexington","Fulton St"
"1398","IRT","Lexington","Fulton St"
"1399","IRT","Lexington","Fulton St"
"1400","IRT","Lexington","Fulton St"
"1401","IRT","Lexington","Grand Central-42nd St"
"1402","IRT","Lexington","Grand Central-42nd St"
"1403","IRT","Lexington","Grand Central-42nd St"
"1404","IRT","Lexington","Grand Central-42nd St"
"1405","IRT","Lexington","Grand Central-42nd St"
"1406","IRT","Lexington","Grand Central-42nd St"
"1407","IRT","Lexington","Grand Central-42nd St"
"1408","IRT","Lexington","Grand Central-42nd St"
"1409","IRT","Lexington","Spring St"
"1410","IRT","Lexington","Spring St"
"1411","IRT","Lexington","Spring St"
"1412","IRT","Lexington","Spring St"
"1413","IRT","Lexington","Wall St"
"1414","IRT","Lexington","Wall St"
"1415","IRT","Lexington","Wall St"
"1416","IRT","Lexington","Wall St"
"1417","IRT","Lexington","Wall St"
"1418","IRT","Lexington","Wall St"
"1419","IRT","Lexington","Wall St"
"1420","IRT","Lexington","Wall St"
"1421","IND","Liberty","104th St-Oxford Av"
"1422","IND","Liberty","104th St-Oxford Av"
"1423","IND","Liberty","111th St-Greenwood Av"
"1424","IND","Liberty","111th St-Greenwood Av"
"1425","IND","Liberty","111th St-Greenwood Av"
"1426","IND","Liberty","111th St-Greenwood Av"
"1427","IND","Liberty","80th St-Hudson St"
"1428","IND","Liberty","80th St-Hudson St"
"1429","IND","Liberty","80th St-Hudson St"
"1430","IND","Liberty","80th St-Hudson St"
"1431","IND","Liberty","88th St-Boyd Av"
"1432","IND","Liberty","88th St-Boyd Av"
"1433","IND","Liberty","Grant Av"
"1434","IND","Liberty","Lefferts Blvd"
"1435","IND","Liberty","Lefferts Blvd"
"1436","IND","Liberty","Lefferts Blvd"
"1437","IND","Liberty","Lefferts Blvd"
"1438","IND","Liberty","Rockaway Blvd"
"1439","IND","Liberty","Rockaway Blvd"
"1440","IND","Liberty","Rockaway Blvd"
"1441","IND","Liberty","Rockaway Blvd"
"1442","BMT","Myrtle","Central Av"
"1443","BMT","Myrtle","Central Av"
"1444","BMT","Myrtle","Forest Av"
"1445","BMT","Myrtle","Forest Av"
"1446","BMT","Myrtle","Fresh Pond Rd"
"1447","BMT","Myrtle","Fresh Pond Rd"
"1448","BMT","Myrtle","Knickerbocker Av"
"1449","BMT","Myrtle","Knickerbocker Av"
"1450","BMT","Myrtle","Metropolitan Av"
"1451","BMT","Myrtle","Seneca Av"
"1452","BMT","Myrtle","Seneca Av"
"1453","BMT","Nassau","Bowery"
"1454","BMT","Nassau","Bowery"
"1455","BMT","Nassau","Broad St"
"1456","BMT","Nassau","Broad St"
"1457","BMT","Nassau","Broad St"
"1458","BMT","Nassau","Broad St"
"1459","BMT","Nassau","Broad St"
"1460","BMT","Nassau","Broad St"
"1461","BMT","Nassau","Broad St"
"1462","BMT","Nassau","Broad St"
"1463","BMT","Nassau","Broad St"
"1464","BMT","Nassau","Canal St"
"1465","BMT","Nassau","Chambers St"
"1466","BMT","Nassau","Chambers St"
"1467","BMT","Nassau","Essex St"
"1468","BMT","Nassau","Essex St"
"1469","BMT","Nassau","Fulton St"
"1470","BMT","Nassau","Fulton St"
"1471","BMT","Nassau","Fulton St"
"1472","BMT","Nassau","Fulton St"
"1473","BMT","Nassau","Fulton St"
"1474","BMT","Nassau","Fulton St"
"1475","IRT","New Lots","Junius St"
"1476","IRT","New Lots","Junius St"
"1477","IRT","New Lots","New Lots Av"
"1478","IRT","New Lots","New Lots Av"
"1479","IRT","New Lots","Pennsylvania Av"
"1480","IRT","New Lots","Pennsylvania Av"
"1481","IRT","New Lots","Rockaway Av"
"1482","IRT","New Lots","Rockaway Av"
"1483","IRT","New Lots","Saratoga Av"
"1484","IRT","New Lots","Saratoga Av"
"1485","IRT","New Lots","Saratoga Av"
"1486","IRT","New Lots","Sutter Av"
"1487","IRT","New Lots","Sutter Av"
"1488","IRT","New Lots","Sutter Av"
"1489","IRT","New Lots","Van Siclen Av"
"1490","IRT","New Lots","Van Siclen Av"
"1491","IRT","Nostrand","Beverly Rd"
"1492","IRT","Nostrand","Beverly Rd"
"1493","IRT","Nostrand","Church Av"
"1494","IRT","Nostrand","Church Av"
"1495","IRT","Nostrand","Church Av"
"1496","IRT","Nostrand","Church Av"
"1497","IRT","Nostrand","Church Av"
"1498","IRT","Nostrand","Church Av"
"1499","IRT","Nostrand","Church Av"
"1500","IRT","Nostrand","Flatbush Av-Brooklyn College"
"1501","IRT","Nostrand","Flatbush Av-Brooklyn College"
"1502","IRT","Nostrand","Flatbush Av-Brooklyn College"
"1503","IRT","Nostrand","Flatbush Av-Brooklyn College"
"1504","IRT","Nostrand","Flatbush Av-Brooklyn College"
"1505","IRT","Nostrand","Flatbush Av-Brooklyn College"
"1506","IRT","Nostrand","Flatbush Av-Brooklyn College"
"1507","IRT","Nostrand","Flatbush Av-Brooklyn College"
"1508","IRT","Nostrand","Newkirk Av"
"1509","IRT","Nostrand","Newkirk Av"
"1510","IRT","Nostrand","Newkirk Av"
"1511","IRT","Nostrand","President St"
"1512","IRT","Nostrand","President St"
"1513","IRT","Nostrand","Sterling St"
"1514","IRT","Nostrand","Sterling St"
"1515","IRT","Nostrand","Winthrop St"
"1516","IRT","Nostrand","Winthrop St"
"1517","IRT","Pelham","138th St-3rd Ave"
"1518","IRT","Pelham","138th St-3rd Ave"
"1519","IRT","Pelham","138th St-3rd Ave"
"1520","IRT","Pelham","138th St-3rd Ave"
"1521","IRT","Pelham","138th St-3rd Ave"
"1522","IRT","Pelham","138th St-3rd Ave"
"1523","IRT","Pelham","138th St-3rd Ave"
"1524","IRT","Pelham","Brook Av"
"1525","IRT","Pelham","Brook Av"
"1526","IRT","Pelham","Brook Av"
"1527","IRT","Pelham","Brook Av"
"1528","IRT","Pelham","Buhre Av"
"1529","IRT","Pelham","Buhre Av"
"1530","IRT","Pelham","Buhre Av"
"1531","IRT","Pelham","Castle Hill Av"
"1532","IRT","Pelham","Castle Hill Av"
"1533","IRT","Pelham","Cypress Av"
"1534","IRT","Pelham","Cypress Av"
"1535","IRT","Pelham","Cypress Av"
"1536","IRT","Pelham","Cypress Av"
"1537","IRT","Pelham","East 143rd St-St Mary's St"
"1538","IRT","Pelham","East 143rd St-St Mary's St"
"1539","IRT","Pelham","East 143rd St-St Mary's St"
"1540","IRT","Pelham","East 143rd St-St Mary's St"
"1541","IRT","Pelham","East 149th St"
"1542","IRT","Pelham","East 149th St"
"1543","IRT","Pelham","East 149th St"
"1544","IRT","Pelham","East 149th St"
"1545","IRT","Pelham","Elder Av"
"1546","IRT","Pelham","Elder Av"
"1547","IRT","Pelham","Hunts Point Av"
"1548","IRT","Pelham","Hunts Point Av"
"1549","IRT","Pelham","Hunts Point Av"
"1550","IRT","Pelham","Longwood Av"
"1551","IRT","Pelham","Longwood Av"
"1552","IRT","Pelham","Longwood Av"
"1553","IRT","Pelham","Longwood Av"
"1554","IRT","Pelham","Middletown Rd"
"1555","IRT","Pelham","Middletown Rd"
"1556","IRT","Pelham","Morrison Av-Soundview Av"
"1557","IRT","Pelham","Morrison Av-Soundview Av"
"1558","IRT","Pelham","Morrison Av-Soundview Av"
"1559","IRT","Pelham","Parkchester-East 177th St"
"1560","IRT","Pelham","Pelham Bay Park"
"1561","IRT","Pelham","Pelham Bay Park"
"1562","IRT","Pelham","Pelham Bay Park"
"1563","IRT","Pelham","Pelham Bay Park"
"1564","IRT","Pelham","Pelham Bay Park"
"1565","IRT","Pelham","St Lawrence Av"
"1566","IRT","Pelham","St Lawrence Av"
"1567","IRT","Pelham","Westchester Square-East Tremont Av"
"1568","IRT","Pelham","Whitlock Av"
"1569","IRT","Pelham","Whitlock Av"
"1570","IRT","Pelham","Zerega Av"
"1571","IRT","Pelham","Zerega Av"
"1572","IND","Queens Boulevard","169th St"
"1573","IND","Queens Boulevard","169th St"
"1574","IND","Queens Boulevard","169th St"
"1575","IND","Queens Boulevard","169th St"
"1576","IND","Queens Boulevard","169th St"
"1577","IND","Queens Boulevard","169th St"
"1578","IND","Queens Boulevard","169th St"
"1579","IND","Queens Boulevard","169th St"
"1580","IND","Queens Boulevard","23rd St-Ely Av"
"1581","IND","Queens Boulevard","23rd St-Ely Av"
"1582","IND","Queens Boulevard","23rd St-Ely Av"
"1583","IND","Queens Boulevard","23rd St-Ely Av"
"1584","IND","Queens Boulevard","36th St"
"1585","IND","Queens Boulevard","36th St"
"1586","IND","Queens Boulevard","36th St"
"1587","IND","Queens Boulevard","36th St"
"1588","IND","Queens Boulevard","36th St"
"1589","IND","Queens Boulevard","46th St"
"1590","IND","Queens Boulevard","46th St"
"1591","IND","Queens Boulevard","46th St"
"1592","IND","Queens Boulevard","46th St"
"1593","IND","Queens Boulevard","5th Av-53rd St"
"1594","IND","Queens Boulevard","5th Av-53rd St"
"1595","IND","Queens Boulevard","5th Av-53rd St"
"1596","IND","Queens Boulevard","5th Av-53rd St"
"1597","IND","Queens Boulevard","5th Av-53rd St"
"1598","IND","Queens Boulevard","63rd Drive-Rego Park"
"1599","IND","Queens Boulevard","63rd Drive-Rego Park"
"1600","IND","Queens Boulevard","63rd Drive-Rego Park"
"1601","IND","Queens Boulevard","63rd Drive-Rego Park"
"1602","IND","Queens Boulevard","63rd Drive-Rego Park"
"1603","IND","Queens Boulevard","63rd Drive-Rego Park"
"1604","IND","Queens Boulevard","63rd Drive-Rego Park"
"1605","IND","Queens Boulevard","65th St"
"1606","IND","Queens Boulevard","65th St"
"1607","IND","Queens Boulevard","67th Av"
"1608","IND","Queens Boulevard","67th Av"
"1609","IND","Queens Boulevard","67th Av"
"1610","IND","Queens Boulevard","67th Av"
"1611","IND","Queens Boulevard","75th Av"
"1612","IND","Queens Boulevard","75th Av"
"1613","IND","Queens Boulevard","75th Av"
"1614","IND","Queens Boulevard","7th Av"
"1615","IND","Queens Boulevard","7th Av"
"1616","IND","Queens Boulevard","7th Av"
"1617","IND","Queens Boulevard","7th Av"
"1618","IND","Queens Boulevard","Briarwood-Van Wyck Blvd"
"1619","IND","Queens Boulevard","Briarwood-Van Wyck Blvd"
"1620","IND","Queens Boulevard","Briarwood-Van Wyck Blvd"
"1621","IND","Queens Boulevard","Elmhurst Av"
"1622","IND","Queens Boulevard","Elmhurst Av"
"1623","IND","Queens Boulevard","Elmhurst Av"
"1624","IND","Queens Boulevard","Elmhurst Av"
"1625","IND","Queens Boulevard","Elmhurst Av"
"1626","IND","Queens Boulevard","Forest Hills-71st Av"
"1627","IND","Queens Boulevard","Forest Hills-71st Av"
"1628","IND","Queens Boulevard","Forest Hills-71st Av"
"1629","IND","Queens Boulevard","Forest Hills-71st Av"
"1630","IND","Queens Boulevard","Forest Hills-71st Av"
"1631","IND","Queens Boulevard","Grand Av-Newtown"
"1632","IND","Queens Boulevard","Grand Av-Newtown"
"1633","IND","Queens Boulevard","Grand Av-Newtown"
"1634","IND","Queens Boulevard","Grand Av-Newtown"
"1635","IND","Queens Boulevard","Grand Av-Newtown"
"1636","IND","Queens Boulevard","Jackson Heights-Roosevelt Ave"
"1637","IND","Queens Boulevard","Jackson Heights-Roosevelt Ave"
"1638","IND","Queens Boulevard","Jackson Heights-Roosevelt Ave"
"1639","IND","Queens Boulevard","Jackson Heights-Roosevelt Ave"
"1640","IND","Queens Boulevard","Jackson Heights-Roosevelt Ave"
"1641","IND","Queens Boulevard","Jackson Heights-Roosevelt Ave"
"1642","IND","Queens Boulevard","Jackson Heights-Roosevelt Ave"
"1643","IND","Queens Boulevard","Jamaica-179th St"
"1644","IND","Queens Boulevard","Jamaica-179th St"
"1645","IND","Queens Boulevard","Jamaica-179th St"
"1646","IND","Queens Boulevard","Jamaica-179th St"
"1647","IND","Queens Boulevard","Jamaica-179th St"
"1648","IND","Queens Boulevard","Jamaica-179th St"
"1649","IND","Queens Boulevard","Jamaica-179th St"
"1650","IND","Queens Boulevard","Jamaica-179th St"
"1651","IND","Queens Boulevard","Jamaica-179th St"
"1652","IND","Queens Boulevard","Jamaica-179th St"
"1653","IND","Queens Boulevard","Jamaica-179th St"
"1654","IND","Queens Boulevard","Jamaica-179th St"
"1655","IND","Queens Boulevard","Jamaica-179th St"
"1656","IND","Queens Boulevard","Jamaica-179th St"
"1657","IND","Queens Boulevard","Jamaica-179th St"
"1658","IND","Queens Boulevard","Jamaica-179th St"
"1659","IND","Queens Boulevard","Kew Gardens-Union Turnpike"
"1660","IND","Queens Boulevard","Kew Gardens-Union Turnpike"
"1661","IND","Queens Boulevard","Kew Gardens-Union Turnpike"
"1662","IND","Queens Boulevard","Kew Gardens-Union Turnpike"
"1663","IND","Queens Boulevard","Kew Gardens-Union Turnpike"
"1664","IND","Queens Boulevard","Kew Gardens-Union Turnpike"
"1665","IND","Queens Boulevard","Kew Gardens-Union Turnpike"
"1666","IND","Queens Boulevard","Kew Gardens-Union Turnpike"
"1667","IND","Queens Boulevard","Lexington Av-53rd St"
"1668","IND","Queens Boulevard","Lexington Av-53rd St"
"1669","IND","Queens Boulevard","Lexington Av-53rd St"
"1670","IND","Queens Boulevard","Lexington Av-53rd St"
"1671","IND","Queens Boulevard","Lexington Av-53rd St"
"1672","IND","Queens Boulevard","Lexington Av-53rd St"
"1673","IND","Queens Boulevard","Lexington Av-53rd St"
"1674","IND","Queens Boulevard","Northern Blvd"
"1675","IND","Queens Boulevard","Northern Blvd"
"1676","IND","Queens Boulevard","Parsons Blvd"
"1677","IND","Queens Boulevard","Parsons Blvd"
"1678","IND","Queens Boulevard","Parsons Blvd"
"1679","IND","Queens Boulevard","Parsons Blvd"
"1680","IND","Queens Boulevard","Parsons Blvd"
"1681","IND","Queens Boulevard","Parsons Blvd"
"1682","IND","Queens Boulevard","Queens Plaza"
"1683","IND","Queens Boulevard","Queens Plaza"
"1684","IND","Queens Boulevard","Queens Plaza"
"1685","IND","Queens Boulevard","Queens Plaza"
"1686","IND","Queens Boulevard","Queens Plaza"
"1687","IND","Queens Boulevard","Queens Plaza"
"1688","IND","Queens Boulevard","Queens Plaza"
"1689","IND","Queens Boulevard","Steinway St"
"1690","IND","Queens Boulevard","Steinway St"
"1691","IND","Queens Boulevard","Steinway St"
"1692","IND","Queens Boulevard","Steinway St"
"1693","IND","Queens Boulevard","Sutphin Blvd"
"1694","IND","Queens Boulevard","Sutphin Blvd"
"1695","IND","Queens Boulevard","Sutphin Blvd"
"1696","IND","Queens Boulevard","Sutphin Blvd"
"1697","IND","Queens Boulevard","Sutphin Blvd"
"1698","IND","Queens Boulevard","Woodhaven Blvd"
"1699","IND","Queens Boulevard","Woodhaven Blvd"
"1700","IND","Queens Boulevard","Woodhaven Blvd"
"1701","IND","Queens Boulevard","Woodhaven Blvd"
"1702","IND","Rockaway","Aqueduct Racetrack"
"1703","IND","Rockaway","Aqueduct-North Conduit Av"
"1704","IND","Rockaway","Aqueduct-North Conduit Av"
"1705","IND","Rockaway","Beach 105th St"
"1706","IND","Rockaway","Beach 105th St"
"1707","IND","Rockaway","Beach 105th St"
"1708","IND","Rockaway","Beach 105th St"
"1709","IND","Rockaway","Beach 25th St"
"1710","IND","Rockaway","Beach 25th St"
"1711","IND","Rockaway","Beach 25th St"
"1712","IND","Rockaway","Beach 36th St"
"1713","IND","Rockaway","Beach 36th St"
"1714","IND","Rockaway","Beach 36th St"
"1715","IND","Rockaway","Beach 36th St"
"1716","IND","Rockaway","Beach 44th St"
"1717","IND","Rockaway","Beach 44th St"
"1718","IND","Rockaway","Beach 44th St"
"1719","IND","Rockaway","Beach 44th St"
"1720","IND","Rockaway","Beach 60th St"
"1721","IND","Rockaway","Beach 60th St"
"1722","IND","Rockaway","Beach 60th St"
"1723","IND","Rockaway","Beach 60th St"
"1724","IND","Rockaway","Beach 67th St"
"1725","IND","Rockaway","Beach 67th St"
"1726","IND","Rockaway","Beach 67th St"
"1727","IND","Rockaway","Beach 67th St"
"1728","IND","Rockaway","Beach 90th St"
"1729","IND","Rockaway","Beach 90th St"
"1730","IND","Rockaway","Beach 90th St"
"1731","IND","Rockaway","Beach 90th St"
"1732","IND","Rockaway","Beach 98th St"
"1733","IND","Rockaway","Beach 98th St"
"1734","IND","Rockaway","Beach 98th St"
"1735","IND","Rockaway","Broad Channel"
"1736","IND","Rockaway","Far Rockaway-Mott Av"
"1737","IND","Rockaway","Howard Beach"
"1738","IND","Rockaway","Howard Beach"
"1739","IND","Rockaway","Howard Beach"
"1740","IND","Rockaway","Howard Beach"
"1741","IND","Rockaway","Rockaway Park-Beach 116th"
"1742","BMT","Sea Beach","18th Av"
"1743","BMT","Sea Beach","18th Av"
"1744","BMT","Sea Beach","20th Av"
"1745","BMT","Sea Beach","86th St"
"1746","BMT","Sea Beach","8th Av"
"1747","BMT","Sea Beach","Av U"
"1748","BMT","Sea Beach","Av U"
"1749","BMT","Sea Beach","Bay Parkway-22nd Av"
"1750","BMT","Sea Beach","Bay Parkway-22nd Av"
"1751","BMT","Sea Beach","Fort Hamilton Parkway"
"1752","BMT","Sea Beach","Fort Hamilton Parkway"
"1753","BMT","Sea Beach","Kings Highway"
"1754","BMT","Sea Beach","Kings Highway"
"1755","BMT","Sea Beach","New Utrecht Av"
"1756","BMT","Sea Beach","New Utrecht Av"
"1757","BMT","West End","18th Av"
"1758","BMT","West End","18th Av"
"1759","BMT","West End","18th Av"
"1760","BMT","West End","20th Av"
"1761","BMT","West End","20th Av"
"1762","BMT","West End","20th Av"
"1763","BMT","West End","20th Av"
"1764","BMT","West End","25th Av"
"1765","BMT","West End","25th Av"
"1766","BMT","West End","25th Av"
"1767","BMT","West End","25th Av"
"1768","BMT","West End","50th St"
"1769","BMT","West End","50th St"
"1770","BMT","West End","50th St"
"1771","BMT","West End","50th St"
"1772","BMT","West End","55th St"
"1773","BMT","West End","55th St"
"1774","BMT","West End","55th St"
"1775","BMT","West End","62nd St"
"1776","BMT","West End","62nd St"
"1777","BMT","West End","62nd St"
"1778","BMT","West End","71st St"
"1779","BMT","West End","71st St"
"1780","BMT","West End","71st St"
"1781","BMT","West End","71st St"
"1782","BMT","West End","71st St"
"1783","BMT","West End","71st St"
"1784","BMT","West End","79th St"
"1785","BMT","West End","79th St"
"1786","BMT","West End","79th St"
"1787","BMT","West End","79th St"
"1788","BMT","West End","9th Av"
"1789","BMT","West End","Bay 50th St"
"1790","BMT","West End","Bay 50th St"
"1791","BMT","West End","Bay 50th St"
"1792","BMT","West End","Bay 50th St"
"1793","BMT","West End","Bay Parkway"
"1794","BMT","West End","Bay Parkway"
"1795","BMT","West End","Bay Parkway"
"1796","BMT","West End","Bay Parkway"
"1797","BMT","West End","Fort Hamilton Parkway"
"1798","BMT","West End","Fort Hamilton Parkway"
"1799","BMT","West End","Fort Hamilton Parkway"
"1800","BMT","West End","Fort Hamilton Parkway"
"1801","IRT","White Plains Road","149th St-3rd Av"
"1802","IRT","White Plains Road","149th St-3rd Av"
"1803","IRT","White Plains Road","149th St-3rd Av"
"1804","IRT","White Plains Road","149th St-3rd Av"
"1805","IRT","White Plains Road","149th St-3rd Av"
"1806","IRT","White Plains Road","149th St-3rd Av"
"1807","IRT","White Plains Road","149th St-3rd Av"
"1808","IRT","White Plains Road","149th St-3rd Av"
"1809","IRT","White Plains Road","174th St"
"1810","IRT","White Plains Road","174th St"
"1811","IRT","White Plains Road","174th St"
"1812","IRT","White Plains Road","174th St"
"1813","IRT","White Plains Road","219th St"
"1814","IRT","White Plains Road","219th St"
"1815","IRT","White Plains Road","225th St"
"1816","IRT","White Plains Road","225th St"
"1817","IRT","White Plains Road","225th St"
"1818","IRT","White Plains Road","233rd St"
"1819","IRT","White Plains Road","233rd St"
"1820","IRT","White Plains Road","238th St-Nereid Av"
"1821","IRT","White Plains Road","238th St-Nereid Av"
"1822","IRT","White Plains Road","Allerton Av"
"1823","IRT","White Plains Road","Allerton Av"
"1824","IRT","White Plains Road","Bronx Park East"
"1825","IRT","White Plains Road","Bronx Park East"
"1826","IRT","White Plains Road","Bronx Park East"
"1827","IRT","White Plains Road","Burke Av"
"1828","IRT","White Plains Road","Burke Av"
"1829","IRT","White Plains Road","East 180th St"
"1830","IRT","White Plains Road","East 180th St"
"1831","IRT","White Plains Road","East Tremont Av-West Farms Sq"
"1832","IRT","White Plains Road","East Tremont Av-West Farms Sq"
"1833","IRT","White Plains Road","East Tremont Av-West Farms Sq"
"1834","IRT","White Plains Road","East Tremont Av-West Farms Sq"
"1835","IRT","White Plains Road","East Tremont Av-West Farms Sq"
"1836","IRT","White Plains Road","Freeman St"
"1837","IRT","White Plains Road","Freeman St"
"1838","IRT","White Plains Road","Freeman St"
"1839","IRT","White Plains Road","Freeman St"
"1840","IRT","White Plains Road","Gun Hill Rd"
"1841","IRT","White Plains Road","Gun Hill Rd"
"1842","IRT","White Plains Road","Intervale Av"
"1843","IRT","White Plains Road","Intervale Av"
"1844","IRT","White Plains Road","Intervale Av"
"1845","IRT","White Plains Road","Jackson Av"
"1846","IRT","White Plains Road","Jackson Av"
"1847","IRT","White Plains Road","Jackson Av"
"1848","IRT","White Plains Road","Jackson Av"
"1849","IRT","White Plains Road","Pelham Parkway"
"1850","IRT","White Plains Road","Pelham Parkway"
"1851","IRT","White Plains Road","Pelham Parkway"
"1852","IRT","White Plains Road","Pelham Parkway"
"1853","IRT","White Plains Road","Pelham Parkway"
"1854","IRT","White Plains Road","Prospect Av"
"1855","IRT","White Plains Road","Prospect Av"
"1856","IRT","White Plains Road","Prospect Av"
"1857","IRT","White Plains Road","Prospect Av"
"1858","IRT","White Plains Road","Prospect Av"
"1859","IRT","White Plains Road","Simpson St"
"1860","IRT","White Plains Road","Simpson St"
"1861","IRT","White Plains Road","Simpson St"
"1862","IRT","White Plains Road","Simpson St"
"1863","IRT","White Plains Road","Simpson St"
"1864","IRT","White Plains Road","Wakefield-241st St"
"1865","IRT","White Plains Road","Wakefield-241st St"
"1866","IRT","White Plains Road","Wakefield-241st St"
"1867","IRT","Flushing","34 St Hudson Yards"
"1868","IRT","Flushing","34 St Hudson Yards"
